epoch,accuracy,dice_coefficient,learning_rate,loss,mean_iou,val_accuracy,val_dice_coefficient,val_loss,val_mean_iou
0,0.8642042279243469,0.6111714243888855,9.999999747378752e-05,0.2960706651210785,0.5173142552375793,0.8587313294410706,0.2309000939130783,0.6322841048240662,0.21468283236026764
1,0.9691565036773682,0.8893741369247437,9.999999747378752e-05,0.0924651175737381,0.8108483552932739,0.9477897882461548,0.8043590188026428,0.18512208759784698,0.703988254070282
2,0.9760354161262512,0.9113008975982666,9.999999747378752e-05,0.07168659567832947,0.8446015119552612,0.9670259952545166,0.8599866032600403,0.10586939007043839,0.7783859968185425
3,0.9786017537117004,0.9181678891181946,9.999999747378752e-05,0.06409049034118652,0.856678307056427,0.9665044546127319,0.8622927665710449,0.10737062990665436,0.7807477116584778
4,0.9804856181144714,0.9232350587844849,9.999999747378752e-05,0.05880715325474739,0.86567622423172,0.971112072467804,0.8774223327636719,0.09186871349811554,0.8032593131065369
5,0.9815403819084167,0.929223358631134,9.999999747378752e-05,0.055852461606264114,0.873538076877594,0.9709125757217407,0.8796945810317993,0.09548889100551605,0.804970383644104
6,0.9824735522270203,0.9337878227233887,9.999999747378752e-05,0.05268597602844238,0.8805737495422363,0.9709367752075195,0.8748332858085632,0.09661001712083817,0.7997311949729919
7,0.9832765460014343,0.9355291724205017,9.999999747378752e-05,0.05043116584420204,0.8838889598846436,0.9692597389221191,0.8761069178581238,0.10239005833864212,0.8002983927726746
8,0.9835718274116516,0.9377191662788391,9.999999747378752e-05,0.04920592159032822,0.8872383832931519,0.9705524444580078,0.8777347803115845,0.09937645494937897,0.8023576140403748
9,0.9838375449180603,0.938295304775238,9.999999747378752e-05,0.04839956760406494,0.888238787651062,0.9729600548744202,0.8845452666282654,0.09251795709133148,0.8138328194618225
10,0.9845925569534302,0.9412501454353333,9.999999747378752e-05,0.046064022928476334,0.8928557634353638,0.9724342823028564,0.8851402997970581,0.0948009043931961,0.8134488463401794
11,0.9848357439041138,0.9430448412895203,9.999999747378752e-05,0.04511614888906479,0.8954854011535645,0.9728802442550659,0.8838439583778381,0.09553422033786774,0.8116984963417053
12,0.9853463172912598,0.9450253248214722,9.999999747378752e-05,0.04367156699299812,0.8989139199256897,0.9733631014823914,0.8842958211898804,0.09367093443870544,0.8132907748222351
13,0.9856374859809875,0.9465554356575012,9.999999747378752e-05,0.04203987121582031,0.901258647441864,0.9727048277854919,0.8793813586235046,0.09685159474611282,0.8066437244415283
14,0.9858627319335938,0.9472436904907227,9.999999747378752e-05,0.04149356111884117,0.9028047919273376,0.9731450080871582,0.8842571973800659,0.09469109028577805,0.8138492107391357
15,0.9859552383422852,0.946953535079956,9.999999747378752e-05,0.04104475677013397,0.9023922681808472,0.9728611707687378,0.8830757141113281,0.09815139323472977,0.8112592101097107
16,0.9862662553787231,0.9493910074234009,9.999999747378752e-05,0.039967335760593414,0.9061246514320374,0.9741861820220947,0.8826256990432739,0.09422207623720169,0.8129642009735107
17,0.9869363307952881,0.9523741602897644,4.999999873689376e-05,0.037442706525325775,0.9110665321350098,0.9737244844436646,0.8847063779830933,0.09558587521314621,0.8146195411682129
18,0.9873394966125488,0.9528268575668335,4.999999873689376e-05,0.03620484098792076,0.9122753143310547,0.9737184643745422,0.8838086724281311,0.0983942449092865,0.8128246665000916
19,0.9875845313072205,0.9533732533454895,4.999999873689376e-05,0.0350925587117672,0.913672685623169,0.9732329249382019,0.8787866830825806,0.10435052961111069,0.8072888255119324
20,0.9876483082771301,0.9550493359565735,4.999999873689376e-05,0.034717440605163574,0.9157904386520386,0.9745415449142456,0.8842329978942871,0.09707412123680115,0.8156200647354126
21,0.987780749797821,0.9551868438720703,4.999999873689376e-05,0.03427521511912346,0.9163683652877808,0.9738362431526184,0.8839792609214783,0.10034432262182236,0.8137867450714111
22,0.9879464507102966,0.9561209082603455,4.999999873689376e-05,0.03371381014585495,0.9177812933921814,0.9739577770233154,0.8790125250816345,0.10347414016723633,0.8093823790550232
23,0.987831175327301,0.9545830488204956,4.999999873689376e-05,0.03404119610786438,0.9159318208694458,0.9746938943862915,0.8829522132873535,0.09881629794836044,0.8140623569488525
24,0.9880891442298889,0.9572807550430298,4.999999873689376e-05,0.03311559185385704,0.9195646047592163,0.9742791056632996,0.8852221369743347,0.09896248579025269,0.8158903121948242
25,0.9883145093917847,0.9586788415908813,4.999999873689376e-05,0.0324200801551342,0.9218435883522034,0.9746794700622559,0.8862744569778442,0.09813807159662247,0.8177903294563293
26,0.988244891166687,0.9572170972824097,4.999999873689376e-05,0.032794028520584106,0.9199396967887878,0.9742761850357056,0.8840154409408569,0.09943364560604095,0.8149420022964478
27,0.9884612560272217,0.95805823802948,4.999999873689376e-05,0.032012611627578735,0.9210824370384216,0.9745580554008484,0.8831210136413574,0.10067176073789597,0.8141958117485046
28,0.9885043501853943,0.95843106508255,4.999999873689376e-05,0.03174883499741554,0.9219374656677246,0.9745527505874634,0.8849779963493347,0.09861370921134949,0.8156798481941223
29,0.9886045455932617,0.9595620632171631,4.999999873689376e-05,0.031496331095695496,0.9235588312149048,0.9742313027381897,0.8818380236625671,0.10164149105548859,0.8120325207710266
30,0.9887384176254272,0.9599308371543884,4.999999873689376e-05,0.030744479969143867,0.9242279529571533,0.9740793704986572,0.8836424946784973,0.10178981721401215,0.8138644099235535
31,0.9888415932655334,0.9603806734085083,4.999999873689376e-05,0.0303993858397007,0.9250704646110535,0.9744755625724792,0.8871575593948364,0.09933552145957947,0.8179895877838135
32,0.9889618158340454,0.9606761932373047,4.999999873689376e-05,0.030084598809480667,0.9256302714347839,0.9739390015602112,0.8834227919578552,0.10407009720802307,0.8133729100227356
33,0.9889920353889465,0.9604295492172241,4.999999873689376e-05,0.030053412541747093,0.9252423644065857,0.9742767214775085,0.8832963705062866,0.1022256463766098,0.8135666251182556
34,0.9890651106834412,0.9604928493499756,4.999999873689376e-05,0.02965114824473858,0.92567378282547,0.9746518731117249,0.8862733244895935,0.10048944503068924,0.8174239993095398
35,0.9890760183334351,0.9606063961982727,4.999999873689376e-05,0.029754159972071648,0.9256104230880737,0.9747134447097778,0.8829220533370972,0.10221175104379654,0.8142858147621155
36,0.9892367720603943,0.9618035554885864,4.999999873689376e-05,0.02919352985918522,0.9275874495506287,0.9748932719230652,0.8841333389282227,0.10266713798046112,0.8165445923805237
37,0.9892723560333252,0.9625449180603027,4.999999873689376e-05,0.028909774497151375,0.9288079142570496,0.9749412536621094,0.8848835825920105,0.10029102116823196,0.8167581558227539
38,0.9892997741699219,0.9616498351097107,4.999999873689376e-05,0.02893541194498539,0.927665650844574,0.9747751951217651,0.8850259780883789,0.10240214318037033,0.8162800073623657
39,0.9896399974822998,0.9626783132553101,2.499999936844688e-05,0.027947109192609787,0.9293797612190247,0.9748820066452026,0.8842827677726746,0.10380587726831436,0.8156461119651794
40,0.9897812008857727,0.9639591574668884,2.499999936844688e-05,0.02723696455359459,0.9316709637641907,0.9745040535926819,0.8835561275482178,0.10498437285423279,0.8145362734794617
41,0.989861249923706,0.9640776515007019,2.499999936844688e-05,0.026841942220926285,0.9317039847373962,0.9748280644416809,0.8839542269706726,0.10372241586446762,0.8155027031898499
42,0.989822268486023,0.9641798734664917,2.499999936844688e-05,0.026894623413681984,0.9320176243782043,0.9748644828796387,0.8839552998542786,0.10391935706138611,0.8159562349319458
43,0.9899424314498901,0.9648870825767517,2.499999936844688e-05,0.02640978991985321,0.9330712556838989,0.9746996760368347,0.8838390111923218,0.10497771948575974,0.8150902390480042
44,0.9899835586547852,0.9649685025215149,2.499999936844688e-05,0.026249589398503304,0.933296263217926,0.9747073650360107,0.88360995054245,0.10516735166311264,0.814928412437439
45,0.9900309443473816,0.9647709131240845,2.499999936844688e-05,0.026095615699887276,0.9329831600189209,0.974731981754303,0.8835218548774719,0.10624959319829941,0.8150263428688049
46,0.9901716113090515,0.9656498432159424,1.249999968422344e-05,0.025798961520195007,0.9345267415046692,0.9746596813201904,0.8838763236999512,0.10586285591125488,0.814967930316925
